{
  "Ablation_A": {
    "train_loss": [
      0.6507543285687765,
      0.5788418769836425,
      0.5354511280854543,
      0.5165279507637024,
      0.4833983798821767,
      0.4858555237452189,
      0.4697719117005666,
      0.45305004914601643,
      0.45793874859809874,
      0.484188050031662,
      0.4401899298032125,
      0.4112118939558665,
      0.4440785586833954,
      0.4098128537336985,
      0.42291492025057476
    ],
    "val_loss": [
      0.6555580433506193,
      0.5773061211174153,
      0.5349037028966709,
      0.4926781978891091,
      0.45059766471813534,
      0.4284490242151482,
      0.40459266424692175,
      0.4039547907741716,
      0.39368256229581244,
      0.39274801564011375,
      0.3975412625835479,
      0.3923510576423306,
      0.3729455216201169,
      0.38423551065336853,
      0.37252342538477873
    ],
    "train_auc": [
      0.6781293706293706,
      0.8042379504993488,
      0.8656713817852414,
      0.8673526140155728,
      0.8913130539255804,
      0.8825654923215899,
      0.8856924466680565,
      0.8942434782608696,
      0.8867046401778271,
      0.8620869565217391,
      0.9092474176094442,
      0.9285131357330139,
      0.9020765330925758,
      0.9267310229877075,
      0.9183120133481647
    ],
    "val_auc": [
      0.8603461249059443,
      0.9150894252474387,
      0.9217804016901082,
      0.9274179545059906,
      0.9273253458355039,
      0.925878335359148,
      0.926399259130636,
      0.9275221392602883,
      0.9281588238698848,
      0.9269780633211784,
      0.928216704288939,
      0.9270127915726111,
      0.9290154540718876,
      0.9293974648376454,
      0.9270590959078544
    ],
    "train_pauc": [
      0.02515734265734266,
      0.07590099869735126,
      0.11052017281025708,
      0.11357063403781975,
      0.12523549999129382,
      0.12633590438468484,
      0.12141963727329577,
      0.11820869565217389,
      0.12146082245068071,
      0.10535652173913039,
      0.14374253390485559,
      0.15055824694830786,
      0.1348774220431974,
      0.14540593096742824,
      0.14444521690767514
    ],
    "val_pauc": [
      0.11119986108699423,
      0.138496266712971,
      0.1404642009608149,
      0.14319615674017477,
      0.14232795045436125,
      0.14038316837413894,
      0.1401053423626787,
      0.14097354864849215,
      0.14135555941425015,
      0.14025583145221965,
      0.14125137465995247,
      0.14008219019505697,
      0.1418649071019274,
      0.1423163743705504,
      0.14002430977600272
    ]
  },
  "Ablation_B": {
    "train_loss": [
      0.69960009654363,
      0.6195020198822021,
      0.5753763079643249,
      0.5416538079579671,
      0.485530678431193,
      0.44324458837509156,
      0.40404322544733684,
      0.37301499048868814,
      0.3642381230990092,
      0.38343397378921507,
      0.373566210269928,
      0.35450170238812767,
      0.3495670179526011,
      0.33756000399589536,
      0.3331909348567327
    ],
    "val_loss": [
      0.3450054422427113,
      0.6622644554251749,
      0.4559706644485123,
      0.3741034992370578,
      0.37490684525183315,
      0.45568980505339896,
      0.3169404703113578,
      0.28476444617918606,
      0.27938615856759,
      0.3121922763981128,
      0.3021700852570609,
      0.3207705904712294,
      0.31855163978709383,
      0.3018397337394944,
      0.3191722465125868
    ],
    "train_auc": [
      0.5493681917211329,
      0.7303956490764714,
      0.7806682411781051,
      0.8086068230800232,
      0.8512962094771752,
      0.883325509831534,
      0.9016424751718869,
      0.9187179621756854,
      0.9195418452673739,
      0.9146464295637677,
      0.915299265510236,
      0.9253879168042258,
      0.92765625,
      0.9352199944305207,
      0.9359128540305012
    ],
    "val_auc": [
      0.5604560977021473,
      0.5886091335301268,
      0.8039474445794987,
      0.8488510736817735,
      0.8810325866759274,
      0.8898535625397929,
      0.8967066041558142,
      0.8994501360189848,
      0.8958152457023789,
      0.9006193204838804,
      0.8960236152109741,
      0.9004456792267176,
      0.9002836140533657,
      0.8970307345025179,
      0.8983851363083868
    ],
    "train_pauc": [
      0.02959477124183005,
      0.05532831749231117,
      0.0780911364267852,
      0.08813232640044855,
      0.10377315900053824,
      0.1238547262643648,
      0.12831793874574615,
      0.14179394321104283,
      0.13934719977513876,
      0.14000416782439562,
      0.14647427549443484,
      0.14405657590658716,
      0.15140625,
      0.1582950431634642,
      0.15325490196078426
    ],
    "val_pauc": [
      0.030792382936852453,
      0.03343173004572552,
      0.07548764253053188,
      0.09319905076112749,
      0.10883833998958148,
      0.1135961104358395,
      0.12042599988423913,
      0.1253805637552815,
      0.12204665161775766,
      0.12488279215141512,
      0.12129420617005265,
      0.12367887943508704,
      0.12399143369797995,
      0.12140996700816112,
      0.12215083637205529
    ]
  },
  "Ablation_C": {
    "train_loss": [
      0.6764796892801921,
      0.551236234108607,
      0.4689542492230733,
      0.4379452407360077,
      0.40058539708455404,
      0.3925505101680756,
      0.3429291447003682,
      0.3482657631238302,
      0.3338532269001007,
      0.3314354419708252,
      0.3009210526943207,
      0.32283488909403485,
      0.32683252294858295,
      0.30725165804227195,
      0.3225992778937022
    ],
    "val_loss": [
      0.6166377029938882,
      0.48666029514336007,
      0.38490347934077085,
      0.3180044807782303,
      0.2502916751154184,
      0.2381885935321258,
      0.26040607028062235,
      0.2557696159207496,
      0.2511982759367274,
      0.21369917707857133,
      0.211266114516785,
      0.22290775378687652,
      0.2298091701746329,
      0.23623797864021154,
      0.23944432086376755
    ],
    "train_auc": [
      0.5939172113289761,
      0.8196347826086956,
      0.8791330925257015,
      0.8900217108119843,
      0.9106035605731655,
      0.9157771935017672,
      0.9396439426834563,
      0.9368651351773715,
      0.9429400723025584,
      0.9432188191046647,
      0.9532762245660371,
      0.9442097393904623,
      0.9432181590656286,
      0.9487491102276082,
      0.9429226918798664
    ],
    "val_auc": [
      0.7667419112114371,
      0.8777912832088905,
      0.8957689413671356,
      0.9146726862302483,
      0.9246628465590092,
      0.9292006714128611,
      0.9267465416449615,
      0.930717138392082,
      0.9354749088383401,
      0.9358337674364763,
      0.9372923539966429,
      0.9346761590553915,
      0.934039474445795,
      0.9368061584765873,
      0.9371071366556695
    ],
    "train_pauc": [
      0.0272244008714597,
      0.09613913043478255,
      0.11702208946929699,
      0.12592270950933565,
      0.13953973078593132,
      0.13980254566349182,
      0.15748154580981322,
      0.15574308485700888,
      0.1553914071190211,
      0.15721822708989916,
      0.1641083560667929,
      0.160903353674438,
      0.16180825917686312,
      0.16123891039774993,
      0.16106785317018904
    ],
    "val_pauc": [
      0.05974416854778025,
      0.1145221971407073,
      0.11939572842507375,
      0.13208311628176184,
      0.1405105052960583,
      0.14413381952885335,
      0.142270070035307,
      0.14536088441280312,
      0.1486484922150836,
      0.1493430572437344,
      0.15058169821149497,
      0.1480349597731087,
      0.14717832957110605,
      0.14953985066851883,
      0.15035017653527807
    ]
  },