{
  "Ablation_A": {
    "train_loss": [
      0.6530590185097286,
      0.5979077773434776,
      0.5412292863641467,
      0.5182545951434544,
      0.5004813330514091,
      0.4836019447871617,
      0.49674702329295023,
      0.4566675467150552,
      0.46293505813394276,
      0.48050014887537273,
      0.4641745090484619,
      0.44305871427059174,
      0.44443193290914806,
      0.46878995427063536,
      0.4402783917529242
    ],
    "val_loss": [
      0.6739992122216658,
      0.6028938088272557,
      0.5375123061555804,
      0.49871642795476046,
      0.4851225292321407,
      0.4693832403240782,
      0.44043432947361105,
      0.43219260356642986,
      0.41409114725662,
      0.41816560983657836,
      0.3839914032907197,
      0.390504452568112,
      0.3880579619696646,
      0.40264924421454923,
      0.390445326313828
    ],
    "train_auc": [
      0.6778526188800643,
      0.7767878497966993,
      0.8507002801120449,
      0.8615672831632654,
      0.8687693382573112,
      0.8909079932383481,
      0.8562251880224231,
      0.909802043422733,
      0.8869148617626509,
      0.8755757612011725,
      0.8878480301693012,
      0.9042663476874002,
      0.9012958532695375,
      0.8721275535625311,
      0.9083767023588762
    ],
    "val_auc": [
      0.8477197103151303,
      0.898806028577021,
      0.9091391009329941,
      0.9126133620408429,
      0.9158755790435179,
      0.918199908657924,
      0.9210461929927578,
      0.9214458145755856,
      0.9199696613818751,
      0.9197086840216611,
      0.922660990409082,
      0.923729366477458,
      0.92318294512951,
      0.9207444379200104,
      0.922163502316174
    ],
    "train_pauc": [
      0.031884990449381694,
      0.06649525631826511,
      0.10194477791116444,
      0.09875239158163263,
      0.11039025850883319,
      0.12458745874587458,
      0.09889680212260854,
      0.1394356641123882,
      0.1155245034434574,
      0.11662379613567027,
      0.12457674717162802,
      0.13566586921850077,
      0.127811004784689,
      0.10594917787742895,
      0.12918585870670574
    ],
    "val_pauc": [
      0.10690122006915895,
      0.13357963071703524,
      0.13916291511711354,
      0.14092451229855807,
      0.1426567495269785,
      0.14350003262216998,
      0.1451050433874861,
      0.14542963397925227,
      0.1436272590852743,
      0.14307268219481956,
      0.14523879428459582,
      0.14658445879819926,
      0.14565635806093816,
      0.14294871794871788,
      0.144795132772232
    ]
  },
  "Ablation_B": {
    "train_loss": [
      0.715607225894928,
      0.6287869129862104,
      0.5894095535789218,
      0.565778306552342,
      0.49441579410008024,
      0.4876022956201008,
      0.4311030272926603,
      0.3861261521066938,
      0.40854944395167486,
      0.37423121077673777,
      0.3672826077256884,
      0.3702486753463745,
      0.3716523902756827,
      0.3308881734098707,
      0.34198446571826935
    ],
    "val_loss": [
      0.3774900850382718,
      0.5461489018526944,
      0.4647606966712258,
      0.39061063972386445,
      0.44795493219837995,
      0.4747465454087113,
      0.35308689847136987,
      0.2932747216116298,
      0.3117608590198286,
      0.3318525678100008,
      0.351426438887914,
      0.3186303852363066,
      0.3142650598648823,
      0.3264003591284607,
      0.30759966599218774
    ],
    "train_auc": [
      0.5299770252722007,
      0.7079019291000858,
      0.7557603686635944,
      0.7776036644165863,
      0.8476076555023924,
      0.8498251922884827,
      0.8884327168367347,
      0.9160113937254273,
      0.8961088709677419,
      0.92466874201788,
      0.9202742565574424,
      0.919405664140407,
      0.9173958977016764,
      0.9403315578430785,
      0.9332227374480333
    ],
    "val_auc": [
      0.682684152149801,
      0.7051037385006851,
      0.7732759183140863,
      0.7821328374763489,
      0.8171201148300385,
      0.8352335747373916,
      0.8453953807007242,
      0.8614047106413518,
      0.8588601813792653,
      0.8626198864748483,
      0.8651399491094147,
      0.865604815032296,
      0.8652541267045084,
      0.8680759444118223,
      0.8669586350884061
    ],
    "train_pauc": [
      0.021939866147238037,
      0.051824366110080365,
      0.07310630997266937,
      0.08118370298939245,
      0.10580143540669854,
      0.10919988013185492,
      0.12486846301020403,
      0.14180775094279063,
      0.12606854838709675,
      0.14580140485312892,
      0.14059236227377814,
      0.14140406860789784,
      0.1439272828751968,
      0.15394497975143134,
      0.15929005436520619
    ],
    "val_pauc": [
      0.056800091342076045,
      0.04433352906635345,
      0.05942128270372543,
      0.06228877144907678,
      0.08216219742937295,
      0.09261270959744237,
      0.09991518235793041,
      0.10666470933646503,
      0.10473347687088143,
      0.1073938148365629,
      0.10861062177856069,
      0.10853722189600047,
      0.1094294382462321,
      0.11115025771514318,
      0.10896620343185223
    ]
  },
  "Ablation_C": {
    "train_loss": [
      0.7107678822108677,
      0.5980209835938045,
      0.49451543390750885,
      0.48974441630499704,
      0.4286445145096098,
      0.4062044897249767,
      0.3771328926086426,
      0.38214576670101713,
      0.33886208278792246,
      0.3454575708934239,
      0.34066765223230633,
      0.32282710501125883,
      0.3289791611688478,
      0.34456450172833036,
      0.3325842576367514
    ],
    "val_loss": [
      0.6405143059383739,
      0.5287369864637201,
      0.3920895566362323,
      0.3396724394234744,
      0.3415958628871224,
      0.31773558939948227,
      0.26530548245617835,
      0.2809917442184506,
      0.28181765153552546,
      0.2966556930541992,
      0.2761870456464363,
      0.27525321319247736,
      0.26769991421338285,
      0.2523040309096828,
      0.2346487355593479
    ],
    "train_auc": [
      0.5323317307692308,
      0.769527250828064,
      0.8660685483870968,
      0.8675666988106718,
      0.8978021536483446,
      0.9099566055930569,
      0.927777223275776,
      0.9187912372675264,
      0.9388902176512797,
      0.9355661881977672,
      0.9369347739095638,
      0.946895032051282,
      0.9411858974358975,
      0.9385361182596205,
      0.9438730766164394
    ],
    "val_auc": [
      0.7391408951523455,
      0.8113704573628239,
      0.8585013375089712,
      0.8832126313042343,
      0.8872904025575782,
      0.8855777386311737,
      0.889198799504143,
      0.888415867423501,
      0.8880814901807268,
      0.888913355516409,
      0.8926485939844719,
      0.8953399230116788,
      0.8940350362106088,
      0.895543811574346,
      0.8927056827820187
    ],
    "train_pauc": [
      0.014326923076923067,
      0.06513299207066142,
      0.11133064516129028,
      0.11402684024429444,
      0.13541867566698806,
      0.13426149148183858,
      0.15338856173270782,
      0.15389798074431393,
      0.15036673841983575,
      0.154286283891547,
      0.15450180072028805,
      0.15886618589743587,
      0.1527564102564102,
      0.1554012807469028,
      0.1605756198676552
    ],
    "val_pauc": [
      0.041581849024597106,
      0.07854766099040905,
      0.10145657989169438,
      0.11947706661447116,
      0.1223788086383506,
      0.12378645527500486,
      0.12514190643961629,
      0.12458569844066027,
      0.12333790043713702,
      0.12442748091603052,
      0.12617766033796568,
      0.12839923011678733,
      0.12801591961897302,
      0.12917400665492265,
      0.12551053696091857
    ]
  },