{
  "train_loss": [
    0.6701490839322408,
    0.5865726510683695,
    0.4988468011220296,
    0.46292538245519005,
    0.44844910701115925,
    0.41255550185839335,
    0.3666068991025289,
    0.38648697137832644,
    0.36173107028007506,
    0.362193497021993,
    0.3290940781434377,
    0.3354918956756592,
    0.3153655638297399,
    0.33306879699230196,
    0.3209092915058136
  ],
  "val_loss": [
    0.37091485332895385,
    0.3843105077914562,
    0.32475421974272434,
    0.37405283943652423,
    0.3513498248978701,
    0.31371323770737886,
    0.3148190456962312,
    0.31681058281121327,
    0.30526062221917055,
    0.2854873018080056,
    0.27851952516194567,
    0.28482948117481927,
    0.28636382676265504,
    0.29474996156466743,
    0.30094289963522464
  ],
  "train_auc": [
    0.6123921568627451,
    0.7690956521739131,
    0.8513128646846346,
    0.8724967433782023,
    0.8736257056013896,
    0.8975292089638,
    0.9242553191489361,
    0.9086489208383254,
    0.9251425194660734,
    0.9244484685970991,
    0.940991468436691,
    0.9353778751369113,
    0.9479282536151279,
    0.9366829285230647,
    0.9424534204671857
  ],
  "val_auc": [
    0.6851305203449674,
    0.7822307113503502,
    0.8543149852404931,
    0.8815419343636048,
    0.8956300283614054,
    0.9022631243850204,
    0.9018811136192626,
    0.9112461654222377,
    0.9193146958383979,
    0.9202292064594548,
    0.9184696417202061,
    0.9234357816750594,
    0.920055565202292,
    0.9265960525554205,
    0.9253458355038491
  ],
  "train_pauc": [
    0.04006971677559912,
    0.07965217391304345,
    0.109912475687691,
    0.11313938341293964,
    0.1256274424663482,
    0.1408681722414723,
    0.14613981762917927,
    0.14056362973381256,
    0.14003406562847603,
    0.1462729188069161,
    0.15631005542909762,
    0.15660564335263125,
    0.16030659065628472,
    0.1586346985190715,
    0.16082800333704114
  ],
  "val_pauc": [
    0.0694217746136482,
    0.08621867222318684,
    0.10765757944087509,
    0.12371360768651962,
    0.12607512878393234,
    0.13372692018290208,
    0.1314580077559761,
    0.13735023441569716,
    0.14165653759333213,
    0.14229322220292873,
    0.14020952711697632,
    0.14243213520865888,
    0.13976963593216407,
    0.14442322162412455,
    0.14423800428315098
  ]
}