{
  "train_loss": [
    0.6755208458219256,
    0.644487372466496,
    0.5717818524156298,
    0.5425858220883778,
    0.49874467722007204,
    0.47283388674259186,
    0.45173039606639315,
    0.4012197128364018,
    0.38781156071594786,
    0.38608768795217785,
    0.38518838371549335,
    0.35416256529944284,
    0.356418924672263,
    0.3750914079802377,
    0.3656148122889655
  ],
  "val_loss": [
    0.44679817387551973,
    0.3941410479762337,
    0.3938243299180811,
    0.3435607745430686,
    0.34249396678173183,
    0.33731124144611935,
    0.2957103098341913,
    0.3590064707669345,
    0.3564169879393144,
    0.3104003101045435,
    0.30215069252433197,
    0.2956811937599471,
    0.30450153412240927,
    0.2886707771727533,
    0.2687515090270476
  ],
  "train_auc": [
    0.5996995192307693,
    0.6908963163705713,
    0.7751814516129032,
    0.8279893924783028,
    0.8470748955319833,
    0.8640911282545805,
    0.8748378081644875,
    0.9108577351645504,
    0.915151877541258,
    0.9119019138755982,
    0.9129051620648259,
    0.9319711538461538,
    0.9295272435897436,
    0.9203423304805793,
    0.9261739615721916
  ],
  "val_auc": [
    0.6281072616950479,
    0.7029506752789196,
    0.7874094734781758,
    0.8167368043322243,
    0.8251370131141124,
    0.8367586611861421,
    0.8486575977033992,
    0.8515772819207933,
    0.8535101454948784,
    0.8539831669602662,
    0.8602384680628956,
    0.8652785933320285,
    0.8594800026097735,
    0.8590477588569191,
    0.8575960722907288
  ],
  "train_pauc": [
    0.04288461538461537,
    0.05231356017263876,
    0.07725806451612903,
    0.09974686595949854,
    0.10400192864030858,
    0.10953471552555444,
    0.1128016768140533,
    0.13612135467538422,
    0.1372598261978793,
    0.1400717703349282,
    0.1409363745498199,
    0.15016025641025638,
    0.14649839743589738,
    0.14422566680631188,
    0.15287012676393208
  ],
  "val_pauc": [
    0.02964702812031056,
    0.0458602466236054,
    0.07541919488484372,
    0.08878612905330462,
    0.08154074509036338,
    0.0897892607816272,
    0.10140927774515557,
    0.09932145886344355,
    0.09955307627063349,
    0.09896587721015199,
    0.10320349709662686,
    0.10750146799765119,
    0.10291152867488744,
    0.10335192797024854,
    0.10152019312324653
  ]
}